{"http.chat": {"total": 187500, "total_sum": 25897.0, "std": 0.3450230942505159}, "http.content_length": {"total": 187500, "total_sum": 10794.954495745444, "std": 0.8920284132047658}, "http.request": {"total": 125000, "total_sum": 10140.0, "std": 0.2730193136024796}, "http.response": {"total": 187500, "total_sum": 15757.0, "std": 0.27744379600056446}, "http.response.code": {"total": 187500, "total_sum": 5886.378417449204, "std": 0.8409831199076548}, "http.response_number": {"total": 187500, "total_sum": 15757.0, "std": 0.27744379600056446}, "http.time": {"total": 187500, "total_sum": 1841.3556160637654, "std": 1.6766115316589643}, "tcp.analysis.ack_rtt": {"total": 596760, "total_sum": 909.2136690008292, "std": 0.007263210491681703}, "tcp.analysis.bytes_in_flight": {"total": 596760, "total_sum": 74510.5339921491, "std": 2.3480983588472046}, "tcp.analysis.initial_rtt": {"total": 596760, "total_sum": 453.79924899990857, "std": 0.002213853037570917}, "tcp.analysis.push_bytes_sent": {"total": 596760, "total_sum": 71536.73925445936, "std": 2.3489354947559242}, "tcp.connection.fin": {"total": 534260, "total_sum": 35684.0, "std": 0.24966047360663982}, "tcp.connection.syn": {"total": 596760, "total_sum": 51753.0, "std": 0.2814291635124264}, "tcp.connection.synack": {"total": 596760, "total_sum": 20504.0, "std": 0.18214922235516448}, "tcp.flags": {"total": 596760, "total_sum": -7789.4136367576475, "std": 0.9809505078071714}, "tcp.flags.ack": {"total": 596760, "total_sum": 427861.0, "std": 0.6264042836611853}, "tcp.flags.cwr": {"total": 596760, "total_sum": 56531.0, "std": 0.29284146821074647}, "tcp.flags.ecn": {"total": 596760, "total_sum": 56531.0, "std": 0.29284146821074647}, "tcp.flags.fin": {"total": 596760, "total_sum": -20847.0, "std": 0.3915427796910516}, "tcp.flags.ns": {"total": 596760, "total_sum": 56531.0, "std": 0.29284146821074647}, "tcp.flags.push": {"total": 596760, "total_sum": 121033.0, "std": 0.5925723088323978}, "tcp.flags.res": {"total": 540229, "total_sum": 0.0, "std": 0.0}, "tcp.flags.reset": {"total": 596760, "total_sum": -21173.0, "std": 0.39079534197944316}, "tcp.flags.syn": {"total": 596760, "total_sum": 15726.0, "std": 0.4638077273017698}, "tcp.flags.urg": {"total": 596760, "total_sum": 56531.0, "std": 0.29284146821074647}, "tcp.hdr_len": {"total": 596760, "total_sum": 18211.354110327546, "std": 1.2357174812243565}, "tcp.option_kind": {"total": 596760, "total_sum": 577157.0, "std": 0.5233873761712466}, "tcp.option_len": {"total": 596760, "total_sum": 2259295.0, "std": 3.907137121741493}, "tcp.urgent_pointer": {"total": 596760, "total_sum": 56531.0, "std": 0.29284146821074647}, "ip.flags.df": {"total": 596760, "total_sum": 318966.0, "std": 0.7874121299702658}, "ip.flags.mf": {"total": 596760, "total_sum": 110761.0, "std": 0.3887867150930399}, "ip.flags.rb": {"total": 596760, "total_sum": 110761.0, "std": 0.3887867150930399}, "ip.frag_offset": {"total": 596760, "total_sum": 110761.0, "std": 0.3887867150930399}, "frame.cap_len": {"total": 721760, "total_sum": 78164.82318602319, "std": 2.0430815048611977}, "frame.len": {"total": 721760, "total_sum": 78164.82318602319, "std": 2.0430815048611977}, "is_malicious": {"total": 721760, "total_sum": 500000.0, "std": 0.4613534779044474}, "attack_type": {"total": 721760, "total_sum": 2250000.0, "std": 2.8190593143169917}, "tcp.connection.rst": {"total": 284260, "total_sum": 31247.0, "std": 0.3127950200083275}, "tcp.len": {"total": 125000, "total_sum": -4117.01882131283, "std": 0.3118344802157236}, "ip.ttl": {"total": 346760, "total_sum": -7440.838242781163, "std": 1.0069445895094051}, "ip.flags_0": {"total": 346760, "total_sum": 167033.0, "std": 0.4996648612978178}, "ip.flags_64": {"total": 346760, "total_sum": 179727.0, "std": 0.4996648612978178}, "tcp.pdu.size": {"total": 284260, "total_sum": 4667678.0, "std": 47.90657875551112}, "mqtt.dupflag": {"total": 284260, "total_sum": 181189.0, "std": 0.4807490194898699}, "mqtt.qos": {"total": 284260, "total_sum": -169346.0, "std": 0.5693490484418349}, "mqtt.retain": {"total": 284260, "total_sum": 181189.0, "std": 0.4807490194898699}, "mqtt.unknown_version": {"total": 284260, "total_sum": 92578.0, "std": 0.46862862356181095}, "eth.dst.ig": {"total": 62500, "total_sum": 31288.0, "std": 0.4999996303359381}, "eth.ig": {"total": 62500, "total_sum": 31288.0, "std": 0.4999996303359381}, "eth.lg": {"total": 62500, "total_sum": 31049.0, "std": 0.4999896572372167}, "eth.src.ig": {"total": 62500, "total_sum": 31254.0, "std": 0.49999999590416866}, "eth.src.lg": {"total": 62500, "total_sum": 31345.0, "std": 0.4999976895947834}, "eth.src_not_group": {"total": 62500, "total_sum": 31254.0, "std": 0.49999999590416866}, "arp.isannouncement": {"total": 62500, "total_sum": 13.0, "std": 0.0144207051145296}, "arp.isgratuitous": {"total": 62500, "total_sum": 13.0, "std": 0.0144207051145296}, "arp.opcode": {"total": 62500, "total_sum": 62566.0, "std": 0.03247899111735107}, "coap.mid": {"total": 221760, "total_sum": -1626.8971612848127, "std": 0.993883382609931}, "coap.opt.end_marker": {"total": 221760, "total_sum": 12316500.0, "std": 105.25196288377828}, "coap.payload_length": {"total": 221760, "total_sum": -1487.0213608769918, "std": 0.9933319409636826}, "data.len": {"total": 221760, "total_sum": 17351.191131133597, "std": 1.7399675586400325}, "coap.code_3.0": {"total": 221760, "total_sum": 24150.0, "std": 0.31151560979984194}, "coap.code_68.0": {"total": 221760, "total_sum": 24150.0, "std": 0.31151560979984194}, "coap.code_0": {"total": 221760, "total_sum": 173460.0, "std": 0.4127527956223567}, "coap.opt.delta_3.0": {"total": 221760, "total_sum": 24150.0, "std": 0.31151560979984194}, "coap.opt.delta_12.0": {"total": 221760, "total_sum": 24150.0, "std": 0.31151560979984194}, "coap.opt.delta_0": {"total": 221760, "total_sum": 173460.0, "std": 0.4127527956223567}, "coap.opt.length_0.0": {"total": 221760, "total_sum": 24150.0, "std": 0.31151560979984194}, "coap.opt.length_12.0": {"total": 221760, "total_sum": 24150.0, "std": 0.31151560979984194}, "coap.opt.length_1": {"total": 221760, "total_sum": 173460.0, "std": 0.4127527956223567}, "coap.type_0.0": {"total": 221760, "total_sum": 24150.0, "std": 0.31151560979984194}, "coap.type_2.0": {"total": 221760, "total_sum": 24150.0, "std": 0.31151560979984194}, "coap.type_1": {"total": 221760, "total_sum": 173460.0, "std": 0.4127527956223567}}